dataset,true_metric
bbh,39.46844539946876
codex,22.2972972972973
gsm8k,15.314632297194844
tydiqa,49.60044909550973
mmlu_pro,4.720744680851064
