dataset,true_metric
bbh,47.4909454530456
codex,44.5945945945946
gsm8k,30.55344958301744
tydiqa,60.34886483135824
mmlu_pro,14.561170212765958
