dataset,true_metric
bbh,59.931193509395186
codex,66.8918918918919
gsm8k,71.72100075815011
tydiqa,57.12380978263356
mmlu_pro,31.374667553191486
