dataset,true_metric
bbh,64.05331536687727
codex,72.2972972972973
gsm8k,76.42153146322971
tydiqa,64.3009788129421
mmlu_pro,33.16988031914894
