dataset,true_metric
bbh,70.58977153951305
codex,87.83783783783784
gsm8k,81.12206216830933
tydiqa,67.40842715862009
mmlu_pro,48.15492021276596
